,rng_tp_mean,rng_tp_std,test_tm,deeptune_tp_mean,deeptune_tp_std,deeptune_tm,bayes-opt_tp_mean,bayes-opt_tp_std,bayes-opt_tm
0,13152.114399999999,18045.655860196843,28.895612972547816,5626.508199999999,11738.286816301039,,11286.157600000002,17173.27792651252,28.89609243231039
1,13151.9524,18045.772688440862,57.812950406963395,5627.983399999998,11737.589142073532,29.040473001768397,11284.3739,17174.4405483314,58.008448396617936
2,13150.359899999998,18046.925842368306,87.04297945330603,5251.338199999998,11294.747091567953,58.09018424599843,11284.497100000002,17174.3607295526,87.51633522341712
3,12729.499099999999,17823.980602384647,116.1622109080784,5592.843199999998,11646.169659165875,87.45338890383704,11372.3915,17139.60147450654,117.07970234408305
4,12608.1462,17868.857393744278,145.38126519770486,5592.808000000001,11646.186097537255,116.705437626981,10989.129599999997,16960.079822684795,146.50824907870157
5,12608.490499999998,17868.617658205145,174.52248977663353,6002.020299999999,12230.443145788337,146.0591142520414,11274.805299999996,17013.148187453222,176.25354122164086
6,12606.675399999998,17869.888883442025,203.70900533991403,6421.4043,12772.594408081488,175.33677529337243,11685.3836,17263.27469520001,206.96808479624337
7,12488.251199999999,17912.785180257273,232.8879377408723,6421.2237,12772.68295851327,204.65658090906686,12031.390599999999,17375.528934488113,237.28886075455944
8,12429.921299999998,17934.168578669636,262.05136054938816,6421.241599999999,12772.673963809906,233.9701106115083,12031.602099999996,17375.384412986165,267.1027526277878
9,12444.3085,17925.894962434504,291.1995001033233,6304.6059,12776.276340353168,263.2669989485123,12460.579399999997,17601.19386542815,297.24922205957637
10,12398.7849,17856.394967074037,320.2645840688387,6292.374999999999,12781.558158840846,292.55091859850154,12042.883999999998,17391.70940930276,327.5979478402773
11,12400.421999999997,17855.26579665371,349.3514381405803,6290.8714,12782.289195269133,321.75182795960103,12054.859199999999,17383.94113194811,358.16866979570113
12,12400.2729,17855.36804489195,378.658354703004,6675.517499999999,13332.203162774513,350.9728544709178,11678.3216,17228.720802439962,388.17967218499865
13,12511.9415,17821.053817951528,407.8321554157043,6677.0743999999995,13331.432904719906,380.4137486849376,11356.659099999999,17139.83311964315,418.2561056110168
14,12511.5262,17821.34143509521,436.8941795489613,6677.084999999999,13331.42773827151,409.722806641748,10964.306199999999,16872.495109514763,448.3174757621113
15,12455.2332,17733.613697934376,466.03636168098126,7057.8580999999995,13674.752153561081,438.920666422588,11046.818900000002,16853.379583848215,477.82726095771466
16,12455.049299999999,17733.74107320614,495.25431181695336,7057.679499999999,13674.84217137027,468.19864104842816,11143.8732,16818.303306925038,507.94552327897424
17,12691.327800000001,17742.165046755457,524.4972591781077,7049.1386,13670.755268413008,497.55209733750695,11491.051300000001,16946.228724562094,538.6086013698039
18,12689.639999999998,17743.364082130534,553.9872583343047,7049.531899999998,13670.556382656174,526.9329839133677,11478.7477,16953.997825866252,568.5716194106597
19,12304.8141,17527.61777024009,583.2383929863968,7036.9425,13676.327908056342,556.5611301852721,11060.420799999998,16710.49996005372,598.4335004464187
20,11891.225,17252.80829294144,612.330232483151,7421.729399999999,14014.796540152898,585.954325355629,11430.993699999999,16874.789235234653,628.6161941111112
21,11885.8675,17256.365919914388,641.38578080968,7422.109299999999,14014.600458082583,615.1847351610685,11753.9821,16965.168110229577,659.455110548297
22,11933.873599999999,17233.782089084598,670.4643592917389,7420.320799999999,14015.535870304688,644.3834767325316,11753.958599999998,16965.18418952774,689.4103818022675
23,11495.946300000001,16968.40370856974,699.6304049709297,7420.329199999998,14015.533205964064,673.6038773142761,11766.157,16957.29263989989,720.2147677162147
24,11159.5751,16831.080173083217,728.5519743153608,7419.859799999998,14015.777058984708,702.9115801074959,11352.868800000002,16713.439069473003,750.4113481232679
25,11159.413599999998,16831.185700705548,757.5164456227483,7405.8998999999985,14022.461686935607,731.9740467259443,11614.698600000002,16741.34881297866,781.0069641926946
26,10753.7946,16600.729514788523,786.699743836553,7736.8812,14236.441658264068,761.0804636338414,11614.6778,16741.36301606399,811.531882136495
27,11160.0077,16832.25767746804,815.7913581806116,7736.7345,14236.519736618664,790.4049058848929,11260.4112,16578.08689315901,841.9728438335352
28,10846.763099999998,16520.588246139403,845.0254655972208,7737.8645,14235.910381695396,819.6380507427149,10862.4466,16360.386273450527,872.973022808143
29,10671.3244,16295.93178108121,874.1548634248862,7737.8336,14235.92683604826,849.013929714271,10862.457999999999,16360.378805041772,903.3817229944358
30,10672.0272,16295.477373320124,903.3438321425231,7952.5978,14482.173039417088,878.2892583089957,10862.574399999998,16360.302583795223,934.3174222780974
31,11069.9431,16514.427800332393,932.4692884618306,7694.6772,14388.25555516749,907.6230133845122,10436.440499999999,16075.492424747266,964.3798562222981
32,11070.0741,16514.3412919062,961.603975426493,7706.950199999999,14382.361225653733,936.8937896424794,10855.646999999999,16346.003934149257,994.8295530193427
33,11079.633999999998,16508.298447989546,990.7323280554924,8132.1783,14775.803662802578,966.1739961021522,10855.8955,16345.841393670646,1025.4708727580223
34,11079.1662,16508.60816429076,1019.8274045811429,8551.1512,15133.487808768688,995.4488078337822,10827.5564,16361.894843407319,1055.5448954926267
35,11079.418,16508.441751532275,1049.0679142871827,8869.5029,15287.367867731664,1024.690434299542,10402.7778,16056.190202121397,1086.3414917388886
36,11063.571800000002,16518.302000782733,1078.2186473045442,8868.1478,15284.4651401213,1054.0764124790162,10402.778800000002,16056.189554313396,1116.713522735605
37,10864.282100000002,16494.473785557773,1107.4419150169533,8868.2169,15284.425748946454,1083.3743701610658,10400.984800000002,16057.341485362418,1147.0766250904244
38,10507.208600000002,16334.914325862994,1136.698637013839,8452.514799999999,14946.019823019604,1112.7452933605355,10085.8892,15889.898076873096,1177.6767020277246
39,10138.431300000002,16147.081633321586,1165.757537230873,8478.871099999998,14952.100210682102,1142.1484541944726,9719.6093,15661.92480613371,1208.159947261238
40,10022.747500000003,16176.554702729958,1194.7573988236306,8479.101299999998,14951.972349207488,1171.3552049249647,10066.8277,16027.470504372974,1238.7550720967172
41,10446.9936,16486.89636758899,1224.1029388311135,8905.435399999998,15310.030873049041,1200.5050968922494,9814.8488,15982.988297547947,1269.3500029447305
42,10863.9989,16742.820803554216,1253.286539606458,8892.8465,15316.706952851933,1230.0001410844552,9813.134399999999,15984.03136148527,1299.4584823173345
43,10863.636999999999,16743.052036181307,1282.4634236446295,9325.111299999999,15668.675421805807,1259.3329792541326,10191.3255,16193.451964671362,1330.4962722412024
44,10865.226400000001,16742.028332921403,1311.530062342597,9323.7823,15669.460494196846,1288.66296783599,10191.432699999998,16193.385545425876,1361.213857079459
45,10812.9517,16650.93052428879,1340.652276333303,9713.3153,15987.781256284277,1317.878509903861,10614.7997,16508.59372184369,1391.6212332806297
46,10825.7619,16643.24080649275,1369.7091354198171,9810.4032,15957.963768479354,1347.1506910881706,10981.185999999998,16674.72351947312,1421.3228830165579
47,10825.884799999998,16643.162147764917,1398.8275211597147,9374.591499999999,15582.956737624309,1376.358019954653,11429.1101,16972.78079574184,1451.6327076698008
48,10394.380899999998,16351.611760237467,1427.9838339086573,9810.241499999998,15924.87532664607,1405.625385596818,11430.7863,16971.66039344534,1481.8881374593775
49,10380.416799999999,16359.882854376363,1457.2768602339295,9793.080599999998,15922.581505473276,1434.9328416582148,11562.0069,16937.940004380383,1512.736722942975
50,10382.168899999999,16358.780497706844,1486.394536660064,10202.8455,16225.526150253823,1464.377468582776,11940.613500000001,17163.445582172095,1543.305165932525
51,10412.4453,16342.332755983305,1515.5653322375745,10560.8185,16420.931491985426,1493.6473604897149,11912.609000000002,17180.324923391843,1573.4178248084515
52,10398.487200000001,16350.620156576084,1544.5951053527383,10432.9738,16452.828508108858,1522.9706185496777,11936.5538,17166.174186700584,1603.8764509585885
53,10387.755500000001,16329.339140302242,1573.8137064235339,10708.0999,16508.92084045753,1552.1551741984872,11937.812,17165.303953442246,1634.4153604762682
54,10415.813200000002,16314.15790748593,1603.010478971174,10288.496299999999,16162.807618471714,1581.5253176944384,11939.302999999998,17164.273729041815,1664.8077602364328
55,10415.602600000002,16314.29009955031,1631.9829414113242,10289.3103,16162.291580402665,1610.8722369648722,12060.929799999998,17122.294438394052,1695.5016484482962
56,9991.781700000003,16021.889303742868,1661.1096668652708,10500.916299999999,16203.637502409,1639.997555993386,12048.402999999998,17130.539489471164,1726.2098110131437
57,9992.8339,16021.236616051203,1690.2347260551546,10937.8475,16504.523244271215,1669.2750821522886,12429.6976,17285.171165114978,1756.1511877613161
58,9991.0201,16022.357202167132,1719.3590971534302,11049.6402,16468.628511439194,1698.5516122417544,12566.131700000002,17240.323343059554,1786.822472244983
59,10323.7349,16156.367843145532,1748.484300371306,11452.113900000002,16717.98364318711,1727.8228320186188,12565.908400000004,17240.48397612519,1817.2510366403033
60,10315.8482,16161.123993146477,1777.7527998668124,11827.7797,16879.59293422436,1757.092941280501,12313.877300000004,17235.750388927765,1847.8661707621982
61,10626.0796,16480.234576482515,1807.0946017951635,12247.890000000003,17105.323203152286,1786.507689116614,12223.554400000005,17275.382968751997,1879.255627319303
62,10391.004599999998,16268.167661039912,1836.2614704287505,12401.449800000002,17158.654524986392,1815.9986714572576,11843.2164,17120.900077997565,1909.5204037344909
63,10033.698299999998,16096.013460055388,1865.351203174722,12408.722000000002,17171.241071844983,1845.3127700007415,11498.3885,17008.255209108625,1940.4631333066343
64,9924.1793,16045.262440137229,1894.4558064951075,12838.436300000003,17395.351174660238,1874.5480925752042,11496.5944,17009.458285852983,1970.9920735372675
65,9910.0728,16053.202925678792,1923.4700219854421,12745.424600000002,17265.267728074847,1903.7988381399286,11498.407299999999,17008.242627513042,2001.4054939970083
66,9922.4413,16046.158140943933,1952.547662564233,13195.543400000002,17515.82476453268,1932.9645452722616,11064.9931,16736.801757762245,2031.8257892808467
67,9921.57,16046.689862650554,1981.743632559655,13334.2196,17466.899254256317,1962.1884785375148,11467.263799999999,17019.04549502602,2062.4551088856438
68,9933.957,16039.626328317097,2010.8844073715404,13705.431199999999,17576.81485491494,1991.532522921441,11732.655699999998,17047.42340668626,2093.224799007435
69,9962.3324,16024.809596235653,2039.8956429645434,14127.9974,17753.58869188405,2020.8228472175792,11753.955399999999,17034.259366422273,2123.2592248603714
70,9964.1388,16023.696845311524,2069.080259075472,14299.991699999999,17949.766421646444,2049.982439963521,11327.554199999997,16783.730487724482,2154.2177202609273
71,9964.7733,16023.307498287739,2098.2688386594377,14164.3213,18005.94840775607,2079.3164198306295,11761.782399999998,17048.39237686534,2184.6789667760454
72,9589.301800000001,15739.797070271547,2127.5440048724395,14417.408899999999,17985.165276352836,2108.6550674592577,12100.841399999998,17150.815315029082,2215.097220376132
73,9156.739,15399.2646050929,2156.6262347423312,14853.7784,18158.698897744725,2138.0812234431487,11701.1912,16961.362431852947,2245.5236439429996
74,9156.681499999999,15399.298156359942,2185.8542225661463,15289.0558,18322.388221206762,2167.3140830718753,11756.970099999999,17052.831024092717,2275.6626727881617
75,9174.2146,15436.195926544755,2215.1710460189197,15287.5243,18323.65934241151,2196.6925561728663,11756.712099999999,17053.006308357086,2306.0545241835925
76,9608.7387,15784.268446595846,2244.27357993021,15704.4375,18476.547105672875,2226.1608645919177,12012.482499999998,17069.1861602492,2336.22577366724
77,9258.3043,15603.615686948473,2273.1712047477445,16132.9863,18607.620415191603,2255.417032574558,11592.1152,16837.679456651473,2366.528188409396
78,8818.582099999998,15234.310703553954,2302.2255368286073,16485.990400000002,18689.303152198954,2284.4659606834134,11590.3657,16838.87445058762,2396.647181993097
79,9100.814599999998,15355.15476392735,2331.263084783776,16910.759800000003,18796.287487649413,2313.6720154338777,11963.5523,16993.94984640586,2427.3802837278677
80,9095.248399999999,15358.300105684988,2360.4500336067226,16909.1051,18797.768441281565,2342.859865322335,11963.494200000001,16993.990150653684,2458.0151590721157
81,8665.8967,14962.254409379964,2389.6127913745777,17328.8227,18887.665627638045,2372.200152339175,12393.601100000002,17232.469383198386,2488.030595615758
82,8249.662,14614.479764182097,2418.83856517329,17685.0147,18919.8275603484,2401.5147052558796,12393.745600000002,17232.717563142116,2518.9968684340934
83,8261.9772,14608.183756209675,2447.78516580265,17683.8873,18920.87772644773,2430.8925462390403,12379.794200000002,17242.17694471775,2548.7109661261366
84,8261.975199999999,14608.18469683393,2476.8396459633404,17921.186799999996,19022.012622138536,2459.9908261458204,12819.9114,17485.13353971093,2578.9803236538464
85,8679.9843,14964.691154973516,2505.918630693842,18163.8857,18948.7217683199,2489.1982472950513,12819.860099999998,17485.170696139772,2608.999903295923
86,8677.1971,14958.322834085799,2535.015143627074,18530.1295,18948.123985495313,2518.431900356699,12804.104599999999,17494.74331407497,2639.2652640284564
87,8676.9865,14958.442467281771,2564.272803949875,18958.9533,19013.08823312026,2547.6815912665393,12807.606999999996,17500.695148545128,2670.15630023436
88,8796.6543,14947.540947937907,2593.5156515639137,19229.8937,18933.910065627366,2577.093556808991,12485.947,17434.04214687893,2700.8304408591102
89,8908.366,14924.326747357818,2622.5042449078114,19596.993000000002,19027.901986106852,2606.488356928141,12109.358800000002,17288.698228778205,2731.047444446996
90,8909.861499999999,14923.441661949122,2651.5823739347916,19870.019099999998,18942.62510269799,2635.630174025014,12109.201000000001,17288.807268229088,2761.437407332466
91,8506.8029,14563.936431780408,2680.648410704026,19856.1404,18956.661862655088,2664.8629952249985,12039.4028,17182.109420821653,2792.0248638652656
92,8882.0391,14856.62424750832,2709.9244229192336,19973.963099999997,18942.83534548578,2694.0841120742652,12041.013900000002,17180.988244749537,2822.6919140214522
93,8795.1708,14882.195504027399,2739.2064436824303,19973.981,18942.816473935625,2723.513563572844,12456.917200000002,17390.17633361767,2854.083511486767
94,8811.503600000002,14886.586143131304,2768.2480789985693,20403.0293,18975.215598137864,2752.947860852001,12456.643500000004,17390.369817676874,2884.3964716758765
95,8823.6437,14880.038507323,2797.5614597110107,20810.226000000002,19000.024413103474,2782.142991718296,12679.976400000001,17390.244027223685,2914.8129891661956
96,8836.225300000002,14873.228930715648,2826.5992330285244,21213.4188,19032.457267099133,2811.6129390506103,12681.794100000001,17388.92840442177,2945.3962949486904
97,8716.615500000002,14894.28490997526,2855.868209424518,21656.051500000005,19052.278652583966,2840.8074599476986,12387.9531,17200.282145785906,2976.057440104984
98,8417.1437,14487.741546449652,2885.019117167182,22078.773100000002,19039.385101610907,2870.231991591953,12386.4849,17201.33304672138,3006.145590355582
99,8417.207800000002,14487.705041179612,2914.0633801865297,22114.2681,19071.964333323125,2899.538662007041,12386.494200000001,17201.32643196188,3036.8122772621828
100,8417.582900000001,14487.491377632658,2943.0791624716185,22493.0615,19005.07753645748,2928.7391285347658,12385.785600000001,17201.830690530835,3066.9440904787443
101,8745.5656,14666.313922784027,2972.133101295003,22856.5258,18921.666989219484,2957.9092973402403,12811.689500000002,17415.868574100656,3097.0887938246815
102,9003.6414,14737.11107951779,3001.297436584408,23275.717599999996,18878.21836594879,2987.119896720418,12811.5546,17415.966594852172,3127.822287906582
103,8991.3484,14743.961379692277,3030.5458643832253,23358.6894,18944.609693259023,3016.439483274395,12751.8754,17439.346710796905,3157.850340167527
104,9021.294,14728.705357713556,3059.4810967873846,23803.869799999997,18917.097006890563,3045.8457584776925,13176.8026,17640.085930083824,3188.463385386399
105,9021.083900000001,14728.831572810715,3088.695333060392,23811.7542,18925.38487129079,3074.9366960953985,12922.5159,17599.571896314985,3218.8629627791724
106,9126.903000000002,14701.64093442351,3117.809140975092,23648.007400000002,18826.275272402167,3104.308419283994,12499.846800000001,17391.685999832906,3249.4804053851108
107,9126.859300000004,14701.667637517472,3147.0189734150504,24082.0909,18779.845728971744,3133.578848893259,12581.561200000004,17514.925645442763,3280.848493163738
108,9444.387200000003,14906.773401214366,3176.0848541214923,24447.940300000002,18663.20839148095,3162.9482002903555,12581.398200000003,17515.041234558677,3312.2176551774005
109,9417.717700000001,14920.93451408784,3204.8794874944188,24642.432999999997,18509.551609043232,3192.1721374943713,12153.857400000003,17290.10072820836,3342.6289388932682
110,9483.113000000001,15057.398750494356,3234.039527767785,25008.989399999995,18383.778748383687,3221.1247708596684,12154.084800000002,17289.942893327872,3373.3160294233635
111,9495.4888,15050.242420182893,3263.1457587802693,25437.119799999997,18294.728094691432,3250.4398335157707,12142.002100000002,17297.896509326634,3404.041462096004
112,9863.9153,15266.3136947866,3292.2551791537544,25426.600099999996,18284.13035677396,3279.7036515796467,12280.706600000001,17256.935477648123,3434.3316466677925
113,9752.311199999998,15286.989950569685,3321.3986776958823,25850.37389999999,18184.395583151883,3308.970543133094,12652.306600000002,17391.99257424492,3465.347928393972
114,9750.8427,15287.919433562427,3350.393373822303,26271.520199999995,18072.332866089866,3338.272786248815,12622.7847,17410.62609210453,3495.5752759924844
115,9377.1279,15063.239725375699,3379.6063758397336,26322.516399999997,18112.73511753029,3367.423821782203,12512.198600000002,17454.221259368293,3526.583306934857
116,9812.127799999998,15414.868688411238,3408.707371461902,26699.112499999996,17955.60515681398,3396.7945937180752,12415.355300000001,17495.466631935626,3557.59992979816
117,9997.6916,15705.76385005134,3437.7804044425693,26997.2871,17976.010240153584,3426.0553054695465,12068.0301,17390.149708961824,3588.3460889995304
118,10131.0608,15676.91201396555,3466.8504090958445,27411.817900000002,17829.626277439824,3455.286640042087,12068.175500000001,17390.050260174372,3618.927841728291
119,10466.294299999998,15880.996857143022,3496.1614718804535,27839.2371,17682.565172879997,3484.5148897820322,12068.211800000005,17390.02538773848,3649.480614937323
120,10439.526299999998,15895.852649946379,3525.0093957104855,27703.235400000005,17651.18549598867,3513.985153234976,11697.7871,17244.249321569165,3679.718582026022
121,10560.699499999997,15863.203415831078,3554.161869449189,28065.4409,17453.77085830154,3542.994954220312,11789.9576,17379.169788999192,3710.423481149247
122,10500.367399999997,15891.131667771848,3583.5086668404906,28503.7719,17293.148193425033,3572.308630866578,11790.0119,17379.13341284776,3740.8454018506377
123,10500.033899999999,15891.348568261594,3612.504050618579,28749.229499999998,17102.202457926134,3601.816497889456,12013.6028,17387.814513128385,3771.927004224231
124,10487.1577,15899.229587519822,3641.3095087368542,29172.149199999996,16910.737373752017,3630.971206790378,12449.2558,17645.963388075823,3801.8760670979077
125,10905.7668,16170.410471258043,3670.432198993924,29615.181,16719.981546349776,3659.936362918144,12187.4492,17631.868191628626,3832.2356347963837
126,11273.903999999999,16340.038967267914,3699.38909955222,29282.668200000004,16973.008233538887,3689.2211105749634,12615.530999999999,17853.466620155345,3863.1354417343796
127,10867.7901,16104.241896417076,3728.292650194004,29702.6727,16765.359228394114,3718.3387310047806,12602.782499999998,17861.922088458752,3893.2752616117746
128,11162.988700000002,16389.112490230375,3757.5349092381684,30138.0808,16555.420028899156,3747.405329913929,12955.8391,17961.383191533,3923.914450158426
129,10962.7376,16365.597626594279,3786.4378072501713,30136.5584,16558.183848234847,3776.809613694498,13330.8325,18081.058414432846,3954.249905276447
130,11058.537900000001,16330.143483467577,3815.6296031843817,30223.4903,16606.48727482886,3805.876711535602,13329.294199999998,18082.185811320112,3984.3708534609473
131,10662.2158,16107.359887926648,3844.950696051585,30596.255000000005,16344.309645499286,3835.2331381212866,13327.493400000001,18083.503958215413,4015.721161902415
132,10662.185599999999,16107.37956097548,3873.9839856013273,31023.895400000005,16133.042403817975,3864.7197507028454,12908.486799999999,17897.20808972991,4046.3857476099943
133,10652.453599999999,16113.437247932703,3903.2419181056566,31018.609600000003,16129.311901570689,3893.916457353494,13181.3797,17909.040455795697,4076.7319894023485
134,10652.692899999998,16113.281099018677,3932.290434710924,31013.921800000007,16126.170756531965,3923.338856000478,13181.575700000001,17908.898060356154,4106.53980099434
135,10652.346999999998,16113.506247196447,3961.374443806232,30969.1945,16129.631328383819,3952.550526969377,13611.2224,18126.55032720209,4137.225479162754
136,11047.663199999999,16330.866612070951,3990.470032767556,30915.743400000003,16103.33226949051,3981.79886463982,13612.890800000003,18125.305222676485,4168.087062672875
137,11095.250499999998,16314.193079311362,4019.688513849196,31355.877000000008,15856.255203376395,4011.058753089211,13614.5803,18124.044282104504,4199.26856264871
138,11095.1016,16314.292888386717,4048.8449945922275,31792.321500000005,15590.561021305575,4040.4418295363757,13704.292100000002,18093.345246710644,4229.807218360461
139,11093.559299999997,16315.334207122529,4077.8620162310576,32084.574900000003,15513.635869458874,4069.7620249267,13691.8016,18102.258654116657,4260.005830317971
140,11218.861099999998,16279.10342708301,4107.031710652958,32497.6692,15205.668791038603,4098.942693263529,13660.6556,18052.808250642134,4290.506006269108
141,10969.937799999996,15972.639672591666,4136.036171845848,32070.540000000005,15509.483308909876,4128.27663305248,13659.003400000001,18054.050608085945,4321.296950272972
142,10959.868900000001,15953.569073829149,4164.986613052828,32491.8753,15205.899261516464,4157.445555858071,14043.202700000002,18167.810015798153,4351.606495874865
143,10958.4081,15954.565662147477,4193.894589916667,32484.2523,15200.650644811285,4186.561400907977,13666.800400000002,18060.88644199907,4381.55557634016
144,11096.972899999999,15920.317878439319,4223.003953872888,32484.272200000003,15200.608121624122,4215.634667173825,14048.171300000002,18174.022147296047,4411.736406503885
145,11156.463300000001,16028.94739615082,4252.203532419461,32341.1211,15178.367888770841,4244.9099842893775,13633.385000000002,17963.628333388635,4442.642196140546
146,11143.2854,16037.447484389555,4281.558291474171,32668.758199999997,15039.314312577779,4274.277060709257,13500.406400000002,17841.628320570606,4473.0618563087655
147,11276.295599999998,16001.085293292159,4310.870595489035,33031.0691,14713.883311097934,4303.797674456426,13468.416,17788.27384547888,4503.887898717413
148,11652.264299999997,16176.71452538483,4339.918866112108,33031.5008,14714.198111184698,4333.2771978716955,13808.1049,17855.27860916869,4534.572538330431
149,11653.701799999999,16175.685502093962,4369.133367930523,33353.8968,14582.123976005065,4362.491315319415,13700.839899999999,17887.792970861694,4565.269878541103
150,11665.983400000001,16167.430546262707,4398.053157961412,33171.46170000001,14582.304935275906,4391.875024710766,13306.378999999999,17719.1669656735,4595.589857971711
151,11871.020700000001,16186.594591610321,4427.293800028549,33233.697400000005,14612.575486693411,4420.963581240221,13438.581299999998,17669.95986016016,4626.114609869705
152,11872.7911,16185.30596856401,4456.478896820352,33606.6523,14230.643505005235,4450.370782049882,13410.3715,17688.88733259751,4657.006193601892
153,11452.049100000004,15934.872080084677,4485.527283443701,33764.00050000001,14251.294311920683,4479.725517475413,13410.7005,17688.640580867166,4687.966820015204
154,11852.7703,16217.958993081926,4514.545735249186,34160.68000000001,13937.896258852265,4508.9444735186225,13410.621599999999,17688.699734516766,4718.823954710627
155,12176.1498,16303.858087108523,4543.867019825611,34592.09680000001,13538.381318882319,4538.13076103654,13290.758000000003,17737.2825797064,4749.284575157795
156,12175.846000000001,16304.082134762753,4573.051455563806,34731.3974,13501.7089396952,4567.619320326482,13290.8965,17737.180070098875,4780.04461223533
157,12176.446899999999,16303.638403996925,4602.191240638424,34711.6281,13489.817353129709,4596.971317595743,12909.754300000002,17605.074633659824,4810.9715515076405
158,12178.236499999999,16302.31180905502,4631.218156452095,35038.2252,13313.004316211985,4626.279923528363,13129.256700000002,17749.124671253794,4841.204825754082
159,11875.241600000001,16188.594514791377,4660.517007688865,35065.5783,13329.371188478251,4655.4772902678615,13141.7375,17740.432202757707,4871.377327303276
160,11874.553800000002,16189.092813165338,4689.617489461539,35121.0956,13351.56279910942,4684.943017820702,13512.7073,17852.64877670649,4901.932209853766
161,11447.700900000003,15929.499653204497,4718.641144537219,35138.6722,13361.988326073526,4714.212141160606,13512.146200000001,17853.06865247461,4932.215591930636
162,11314.247100000002,15967.383350021773,4747.629127101427,35298.131299999994,13346.550852851058,4743.405287288913,13513.7147,17851.888477880286,4962.9679911894855
163,11314.493200000003,15967.211369673658,4776.553230611797,35283.3446,13339.405952783685,4772.5640409751,13515.026899999999,17850.900187602514,4993.720503656383
164,11554.946800000002,16154.921450163098,4805.609650733697,35279.5894,13337.25112327805,4801.658224193569,13516.6132,17849.706313622075,5024.629714372384
165,11554.712000000001,16155.086977352801,4834.7395496333675,35386.0991,13356.177415157234,4830.884532811869,13516.341600000002,17849.909405163136,5055.520184751852
166,11542.2341,16163.410477291423,4864.115579206105,35366.9197,13343.504018395504,4860.186000343665,13514.582600000002,17851.23234884077,5086.413819629308
167,11542.888200000001,16162.948167059769,4893.09581813347,35606.165100000006,13172.132044937865,4889.732263404486,13083.7849,17647.77873589815,5116.882625670549
168,11650.4725,16130.841467727985,4922.170298182441,35665.648400000005,13192.919587843151,4918.886124940035,12826.8387,17634.841083323583,5147.327468239738
169,11737.549099999998,16107.37064133542,4951.352030922673,35691.843400000005,13208.925170440418,4948.13147934623,12805.7356,17648.711089598884,5178.89925377538
170,11737.3794,16107.492467744745,4980.351539629743,35637.3538,13189.165641617044,4977.483203341269,13162.6974,17749.9413133344,5208.880835789487
171,11735.781200000001,16108.648625673246,5009.558249594826,36065.6796,12711.86306753726,5006.654298561857,13120.6563,17682.731223939114,5240.28081453051
172,11707.3899,16126.520686573933,5038.799850464414,36091.7042,12692.788721865198,5036.034613253732,13125.461400000002,17688.482177381815,5271.252343178342
173,11714.720199999998,16121.364072118093,5067.895235555856,36078.46070000001,12685.594003313621,5065.4461383825055,13488.044199999998,17787.13726098324,5301.500720518319
174,12067.131499999996,16249.782016791942,5096.809364516343,35915.32200000001,12691.496037365492,5094.714928644388,13064.013299999999,17597.091390447233,5331.735395152176
175,11644.008499999996,16001.12467177338,5125.815501536174,36340.15050000001,12183.148947396676,5123.802288491334,13063.9892,17597.109067089496,5361.425676430507
176,11637.225299999998,15987.70520341212,5155.230403216779,36351.7035,12190.089243001905,5152.977847899243,12808.003599999998,17596.860113347353,5392.370564731062
177,11637.225299999998,15987.70520341212,5184.437113324506,36330.5739,12180.34448080898,5182.562876017989,13233.664299999999,17798.481741085012,5422.7267985738345
178,11638.7894,15986.574456922272,5213.648792707662,36376.6464,12196.31456950939,5211.943131963118,13598.554399999997,17897.244796430332,5453.101276123266
179,11344.412000000002,15923.665634838104,5242.68879142606,36194.113399999995,12237.470242724206,5241.328333580237,13630.975599999998,17943.328650954947,5484.098457010624
180,11344.7171,15923.451281974914,5272.094734003869,36562.082599999994,11684.461250722572,5270.540122898457,13630.670699999999,17943.55760914492,5514.860494425622
181,11332.241899999999,15931.72626217741,5301.26522482621,36579.7857,11694.236951424,5300.119685223429,13198.981799999998,17745.833492552745,5545.515386950844
182,11333.903100000001,15930.553399943876,5330.4943691256885,36626.48789999999,11705.23569991722,5329.46676267373,12780.719099999997,17553.999667610064,5576.106439686144
183,11321.359699999999,15938.860535579854,5359.430529631747,36995.7491,11111.478904447968,5358.870334720935,12781.928699999999,17553.123209829395,5607.1497466937435
184,11309.157,15946.923207490247,5388.465727066493,37051.5329,11129.129173676465,5387.979339398517,12341.796199999999,17310.165909973988,5636.9058992619275
185,11313.8864,15956.08678092467,5417.497140790495,37239.1112,11072.993250142463,5417.1878080124625,12341.664899999998,17310.258413638687,5667.4440266146985
186,10897.025799999998,15672.044038029066,5446.732561644825,37146.2887,11116.544641496894,5446.395229245696,12329.534299999998,17318.3465181138,5698.126905259403
187,10897.151699999997,15671.957907767368,5475.92890566932,37051.967,11105.967823063824,5475.807083663259,11902.414399999998,17088.844599228778,5728.530649129021
188,10776.875899999995,15698.740694539043,5505.052851902445,37162.969699999994,11061.294827278174,5505.178121987451,11900.6025,17090.09662098991,5759.109984384973
189,10908.982699999999,15758.347548049755,5534.249900733345,37178.0675,11069.771347712143,5534.47387717863,11898.932999999997,17091.250708247277,5789.593137894982
190,10909.3006,15758.130847623257,5563.166008314523,37132.3679,11119.140201841983,5563.847296630258,11897.405,17092.307383165884,5819.570090135965
191,10982.7505,15732.158415282398,5592.2597253615995,37561.313799999996,10488.010032438067,5592.938628754054,11548.104200000002,16974.520729909585,5849.870436697735
192,10595.1094,15514.825090399365,5621.271297753735,37760.865999999995,10409.688150026972,5622.210331469312,11546.503099999998,16975.601962145534,5880.001921952648
193,10595.625,15514.477755386966,5650.44486164288,37997.7924,9799.3691820626,5651.397941888257,11456.970600000002,16839.191098794494,5910.37135266499
194,10461.208400000001,15545.878745984333,5679.637586401148,38004.68549999999,9803.178184087279,5680.746234409376,11456.9622,16839.196739547973,5941.006865308924
195,10743.9258,15635.291756205394,5709.093547430647,38026.719399999994,9814.87975327256,5710.113009498759,11219.722600000001,16831.800922914495,5971.897330370558
196,10729.8739,15644.305397822169,5738.23479719167,37599.7281,10506.656685684435,5739.74330338539,11219.3356,16832.055063331056,6002.7313892365
197,10729.771900000002,15644.374242498785,5767.3463966418585,37532.65,10484.294032924106,5769.058758688024,11263.166,16831.784895752444,6033.712280945905
198,10986.658800000003,15897.22446471278,5796.479440664008,37476.9779,10472.95545810573,5798.347923236021,11264.9893,16830.574754361496,6064.106039737418
199,10999.050100000002,15889.269035678419,5825.626912346573,37489.0801,10478.135370182188,5827.658621524528,11264.757600000003,16830.727896193683,6094.279911509247
200,11382.033500000001,16084.329936993978,5854.750728599418,37117.6254,11097.731277521854,5856.983896246644,11265.5159,16830.226990321084,6125.309581033576
201,11054.3498,15975.456797107367,5883.7881064401245,37175.621999999996,11109.480165303145,5886.281957380165,11266.2032,16831.50763806017,6155.774372576294
202,10810.1377,15934.610151400306,5912.900949798397,37133.6616,11098.846254050079,5915.49560499054,11266.220200000003,16831.49641158563,6186.047263942532
203,10809.914300000002,15934.75949723316,5941.968029004047,37096.819200000005,11086.754337433988,5944.786467395596,11236.5567,16848.696076270655,6216.64106295676
204,10781.632000000001,15951.104561704686,5971.1840187003445,37020.87560000001,11060.595596937836,5974.031464796971,10813.2051,16587.766680728633,6247.429971068127
205,10781.840200000002,15950.966091245631,6000.210556892978,37012.421700000006,11055.509996906978,6003.424587576612,10781.7932,16605.227631138026,6277.6782917066685
206,11069.341700000004,16201.9290648583,6029.317950084702,37171.6759,11024.322641242145,6032.632322458851,10781.810699999998,16605.216461916916,6308.759390666977
207,11337.216500000002,16240.433525685783,6058.556720516017,37112.152200000004,11005.733618504455,6061.918392732637,10352.340900000001,16320.645438001835,6339.274277946284
208,10991.6331,16106.221222682849,6087.776643748547,37143.15579999999,11008.582280895318,6091.33537604504,10787.656300000004,16620.586915892392,6369.843460793759
209,10991.320499999998,16106.431389167583,6117.15354968961,37375.613000000005,10880.06630614515,6120.734309430387,10787.872100000002,16620.448890849268,6401.8915419762925
210,10553.137999999999,15795.530333954097,6146.335802425831,37007.410800000005,11497.986137160166,6150.290402192434,10786.265000000003,16621.48375894243,6432.582306494206
211,10540.6292,15803.2648148291,6175.3604076270685,36845.5528,11528.975199800552,6179.6538926262565,10814.631700000002,16605.737458237683,6463.388717449151
212,10171.5833,15611.013298175494,6204.485185548413,36849.264299999995,11531.121984946414,6208.856318033182,10676.030500000003,16636.01656248613,6494.450933858502
213,10239.4215,15587.460539017533,6233.557972254092,36833.8655,11524.544198919399,6238.160314008344,10302.6141,16451.315773089646,6524.977205337817
214,10240.8988,15586.49718920125,6262.643209389217,36844.138399999996,11529.86381561662,6267.412331404026,10302.3541,16451.475984678098,6555.729216269024
215,10242.4065,15585.513947084542,6291.70999829533,36840.99859999999,11528.18041830323,6296.680886438855,10330.450600000002,16436.533128506195,6586.4253195977435
216,9807.475400000001,15250.058200561885,6320.914386977386,36905.22959999999,11551.304794832306,6325.928628847622,10328.6695,16437.64266704234,6616.905922402572
217,9371.735400000001,14897.4103072486,6350.132569029681,36908.113699999994,11552.858663455694,6355.314918269349,10358.170000000002,16422.014412526132,6647.9850651768365
218,9238.3732,14920.978893072925,6379.065736604644,36873.38,11543.890970196488,6384.714928105228,10777.648799999999,16690.258470839526,6678.269954992248
219,9238.5121,14921.234282858592,6408.168399447001,36796.4814,11529.177666510568,6413.826388431504,10777.769400000001,16690.18175342149,6709.458072775401
220,9266.1562,14907.196626409126,6437.3602807571,36969.5665,11481.31756051442,6443.107943886318,11197.472800000003,16944.09953546851,6740.272209887654
221,9145.1487,14931.333438092035,6466.449663289141,37040.5818,11499.695379354915,6472.479998116643,11052.686000000002,16743.566448709786,6770.890503533435
222,9173.3052,14917.019238162995,6495.517242398709,36875.712,11519.274893439604,6501.751505501819,11052.742900000001,16743.52940816997,6801.4222814707455
223,9374.4366,14929.566139734954,6524.83513445237,37029.553199999995,11496.019366498553,6531.00020119235,10816.9757,16728.97645957201,6832.304852193382
224,9375.011700000001,14929.210777739863,6554.152608173863,37035.5263,11498.966869202786,6560.498014396218,10374.440400000001,16417.328873390758,6863.140601891057
225,8968.7837,14584.247802006634,6583.44057398433,36943.3179,11477.253492986316,6589.998995560186,10386.683900000002,16410.1748755526,6893.798071199601
226,8600.7103,14334.82854011135,6612.592510163078,37320.255,10860.28278839833,6619.4698074399885,9970.113000000003,16103.109301354787,6924.867791592369
227,8600.331,14335.051741051828,6641.902186763011,37133.3209,10936.109513103193,6648.803920923959,9998.5791,16088.19423304518,6955.51420463296
228,8185.8102,13973.829831943209,6671.136103573123,37134.3409,10936.72272737817,6678.295826804363,9645.5517,15911.576124206556,6986.756626310626
229,8156.097699999999,13988.03292496696,6700.2584528073,37511.1096,10280.362566150372,6707.711962166111,9283.082199999999,15680.813343591308,7017.3277727707555
230,8417.5857,14257.214219327017,6729.1399180555645,37503.8532,10276.218219401133,6737.017336760396,9715.2334,16011.072363259633,7047.566536154777
231,8417.2631,14257.401396019663,6758.464604187275,37555.7154,10288.947220257127,6766.080547060998,9716.8766,16010.083831462232,7078.740699577595
232,8417.4004,14257.322019558156,6787.53049568283,37546.4461,10283.400554226107,6795.588875341679,9717.0235,16009.996267949058,7109.558428088302
233,8417.6422,14257.181886896344,6816.809510837356,37506.5002,10273.226195786889,6824.836307326432,9869.316700000001,16248.758638111287,7139.929280887405
234,8417.520600000002,14257.252451446937,6846.070510052576,37091.702900000004,10917.249878586024,6854.298340211671,10298.073100000001,16550.318948383785,7171.292437695398
235,8845.2998,14639.323193194758,6875.371386948904,37258.729400000004,10897.089385325131,6883.740654610529,10243.066200000001,16447.013254915906,7202.545815650305
236,8829.746599999999,14607.500573742193,6904.648987038013,37333.6408,10915.284211312564,6913.226300898871,10667.452600000002,16726.72619717807,7234.129119379398
237,9158.2406,14944.585576621443,6933.846070431103,37243.3599,10895.669197016538,6942.686663849232,11097.072100000001,17001.09318146885,7264.642341993679
238,9158.142300000001,14944.644847334637,6962.986588651209,37018.335900000005,10989.393617183534,6972.066237591138,11402.183400000002,17285.045718791098,7295.054045373468
239,9553.1955,15217.050963441596,6992.471605354156,37038.4515,11001.166251444196,7001.391910010844,11776.288199999999,17441.78256635241,7325.9346962507625
240,9851.0566,15563.48351496844,7021.80295633872,36999.8856,10992.231860606136,7031.060282522049,11794.201599999999,17472.495839666506,7356.615037914114
241,10083.8659,15862.400377892249,7051.068508095622,37209.6915,10472.012128651435,7060.57721280654,12163.244899999998,17608.737077388003,7387.645124621272
242,10081.5325,15857.913648563821,7079.989553680639,37207.491200000004,10470.969138734701,7090.02894944656,12210.165599999998,17684.735946042525,7418.098952284078
243,10083.2876,15856.80764581983,7109.11254642403,37219.2252,10477.632559568834,7119.134368171912,12444.818599999997,17679.23838269471,7449.471992949604
244,9959.779700000001,15873.779323110075,7138.318058150266,37649.877,9802.434298777574,7148.442875603795,12504.749699999997,17776.675475515578,7479.742022173856
245,9532.497800000001,15542.99775464023,7167.452709542389,37800.2771,9762.613738092818,7177.834560769056,12761.7546,17812.545491473385,7510.266733752365
246,9532.7944,15542.818975591934,7196.499299686286,37747.81539999999,9751.444657035943,7207.157144414064,12958.585599999999,18035.72964011555,7540.828945081565
247,9399.8035,15565.347738615244,7225.480696670429,37805.504,9767.469091153758,7236.388971488807,12972.092700000003,18057.664676286073,7571.401069871799
248,9463.3837,15693.593979894642,7254.595661719719,37790.2282,9759.30055445311,7265.555828563588,13069.931400000001,18198.039276398984,7601.892415364662
249,9463.5959,15693.46812682583,7283.526719108545,37741.2967,9743.74862826459,7294.856325229089,13430.221099999999,18350.60625216529,7633.012148872339
250,9451.388099999998,15700.205944231604,7312.569748779233,37940.5429,9666.717858293297,7323.973665014231,13782.903900000001,18454.45814684923,7663.197945257123
251,9230.086599999999,15656.073674319574,7341.561735941535,37940.121999999996,9666.48042668861,7353.202143808302,14079.290799999999,18682.468886970037,7693.153514696723
252,9229.770299999998,15656.256846036506,7370.588409917377,37993.2321,9677.396883542837,7382.38117010749,14522.8858,18872.182879018696,7723.9823813605535
253,9229.522399999998,15656.400260228604,7399.831971147072,37559.0534,10373.076268801287,7411.595836656117,14894.6823,18951.633553127278,7754.430786826622
254,8813.045699999999,15301.226266780664,7428.849829828882,37507.4238,10360.395834720484,7441.026370980752,15326.474999999999,19101.959393859495,7785.668099796915
255,8489.6212,15138.017116926261,7457.924694396906,37495.705400000006,10354.583304020633,7470.233951962138,15582.65,19068.83663027931,7815.614241935663
256,8489.7369,15137.953320565348,7486.949092202806,37539.730800000005,10366.273484696578,7499.497450210505,16012.315800000004,19200.321458871993,7845.781011396074
257,8706.2866,15172.19220361647,7516.094128526752,37548.611000000004,10370.342452622815,7528.709060483599,16449.799700000003,19332.278437782003,7876.7655867710755
258,8718.3859,15165.87047699868,7545.094445437014,37385.5538,10396.573864607974,7558.043493427342,16523.100800000004,19418.437152999242,7906.935303181231
259,8690.3655,15179.04052967686,7574.164770597187,37373.8748,10389.351922236967,7587.2338237462645,16893.852,19480.008399030376,7937.505654090611
260,8690.7601,15178.818029175887,7603.2731294050855,37314.505600000004,10372.829460949053,7616.496029847829,16901.3885,19488.0300541725,7968.120212019984
261,9101.5566,15492.990029220586,7632.209977888074,37136.4046,10410.521914344297,7645.792589844768,17337.969399999998,19596.031180651902,7998.546895050015
262,9101.237599999999,15493.174027543168,7661.139412939611,37152.157600000006,10418.904403326975,7674.919507764784,17765.769500000002,19683.093611245127,8029.091780722204
263,9101.029299999998,15493.294264940769,7690.319042623941,36973.4061,10504.364630690987,7704.040214121405,18190.982000000004,19756.78065498577,8059.376975239221
264,8770.995899999998,15266.739083243947,7719.676569409383,36982.9591,10510.044356811068,7733.409799278681,18625.608400000005,19833.270954915766,8090.338472313893
265,9182.6268,15580.567030104257,7748.917627826777,36982.188,10509.603490685555,7762.956346936239,19064.104000000003,19904.675362379367,8121.235864654627
266,9554.1266,15801.981240359273,7778.140888672563,36965.081099999996,10500.79390434608,7792.386638179866,19436.403100000007,19892.828425870954,8151.838419180604
267,9566.5865,15795.05190629169,7807.1596064505375,37018.0542,10518.985880799268,7821.803284626696,19865.0793,19934.266749198992,8182.812681907157
268,9522.5563,15793.906027905614,7836.34485948205,36957.34270000001,10500.537042109976,7851.011126273613,20272.1104,19960.36982970095,8213.486238123178
269,9407.0213,15819.769401436588,7865.5224736693135,36952.154,10496.662149381966,7880.385857940913,20270.4885,19962.01002166988,8244.798478460572
270,9419.335700000001,15813.048752822475,7894.795597551609,37005.3569,10513.920931984956,7909.7531972887755,19911.962199999998,20000.872874779317,8275.598886488222
271,9433.2757,15805.354987137256,7923.693863973224,37011.5971,10517.564502177896,7939.217793463017,19959.826399999998,20053.021534239153,8305.917243346774
272,9812.7548,16031.990830627461,7952.639864934946,37163.3071,10496.888202990951,7968.310197219456,20042.5445,20129.86659978254,8336.671327365899
273,9807.0824,16035.301728878327,7981.787265305315,37168.2327,10499.420406549863,7997.446098102595,20117.7235,20204.20293151969,8367.662448649202
274,9454.811,15854.915182078046,8011.109890043323,37265.698300000004,10453.249690403942,8026.788123373782,20537.177000000003,20217.67452022134,8398.73676139075
275,9897.6961,16204.256159704886,8040.30853549564,37270.5412,10455.779309548789,8056.303245842045,20773.6855,20115.947278428896,8429.373384157063
276,9902.684299999999,16214.501610328902,8069.47383020179,37064.79449999999,10518.76502202187,8085.692206302526,21218.6507,20147.022299768432,8459.850163200066
277,10334.8468,16517.944926442266,8098.684581948973,37091.5326,10531.88115363401,8115.0507077957855,21172.196,20102.775223883345,8491.014384938931
278,10334.9088,16517.9067411029,8127.905352962371,36901.81649999999,10596.538677829132,8144.455753041961,21243.304300000003,20169.303430567215,8522.028583419675
279,10334.9537,16517.879149832625,8156.832492081927,37095.2774,10543.069414201598,8173.867360008117,21269.0277,20195.734715596107,8552.931800572678
280,10335.010599999998,16517.844152260113,8185.779381713368,37090.4762,10543.311736217305,8202.986923186589,21697.9006,20197.890266262355,8583.209534129595
281,10335.082199999999,16517.800017322803,8214.972017904189,36934.5282,10556.599481156265,8232.128180942038,22127.187400000003,20188.44033655758,8613.84496702757
282,10712.129099999998,16710.631998130895,8244.033328040727,36961.1905,10571.941484480547,8261.513669391541,22502.1274,20125.272673472857,8643.96737073291
283,10712.1504,16710.61853321737,8273.050580586107,37026.0947,10591.45609550693,8290.76699803699,22929.519700000008,20099.273996893542,8675.284093226104
284,10724.408000000001,16703.329993820993,8302.332539947107,36849.46600000001,10632.033493087858,8319.980763043079,23358.276800000003,20066.644299369684,8706.280613095832
285,10301.1561,16427.903988847385,8331.513102218732,36853.2202,10634.341978828685,8349.455487401561,23797.8273,20034.62110627485,8736.917293712719
286,10292.4679,16433.029681321354,8360.52843401071,36851.531500000005,10635.86485715641,8378.832117960083,24229.8945,19986.562211381948,8768.330589743817
287,10292.2885,16433.140155235542,8389.64142699863,36886.0885,10630.951243769052,8408.043694945542,24650.572499999995,19914.818672939375,8798.945963818087
288,10279.023000000001,16440.90275926791,8419.089884815603,36938.1028,10649.945534532471,8437.350514847296,24883.7336,19760.767156413312,8830.58042150536
289,10035.1502,16408.321869976342,8448.307019471828,36936.8214,10649.086835049946,8466.9924171547,25258.973599999998,19640.628829858146,8861.532606601419
290,10039.6748,16405.666746934516,8477.28344251315,37120.3777,10563.145759821917,8496.405384301846,25697.1323,19560.868708192833,8891.954211012522
291,10353.495800000002,16681.58253150313,8506.386956828414,36965.9965,10590.352746653944,8525.575027004881,26117.7238,19455.736411955717,8922.214510339078
292,10351.85,16682.595605959643,8535.43689113511,36954.6165,10583.894434493417,8554.874743121445,26388.4272,19278.024403047482,8952.865813073051
293,10351.804399999999,16682.623443950793,8564.595474472342,37137.306899999996,10510.888335037405,8584.12050205125,26497.4673,19344.619108223294,8983.17167161971
294,10351.4789,16682.82223046526,8593.679967117703,37136.129,10510.152460007086,8613.476013412774,26873.480899999995,19193.65911695376,9013.469395828639
295,10054.826200000001,16600.227488757784,8622.6503851891,37130.13719999999,10506.221499228453,8642.755314779677,27244.0206,19028.261185672,9043.986121940654
296,10054.844100000002,16600.216649870334,8651.481386166504,37554.5461,9833.50573194371,8671.924027252242,27672.624299999996,18895.321205997494,9073.928650360991
297,10054.9269,16600.16734386113,8680.443569627329,37609.79349999999,9849.73754023531,8700.952235442095,27920.586,18868.14378594593,9104.891601291221
298,9664.3899,16367.056671138369,8709.426471195064,37673.18609999999,9865.065745400676,8730.110953059719,28298.950599999996,18686.646481461503,9135.112121543725
299,9652.1254,16373.696582093393,8738.654922609678,37515.6661,9911.241043725138,8759.287180147016,28733.284700000004,18530.95948820036,9166.504966621746
300,9700.1052,16464.88252775218,8767.698167806115,37883.1916,9196.208156397692,8788.716793899886,29161.659800000005,18360.422252789558,9196.955505376303
301,9700.225,16464.81315570708,8797.089182734657,37905.7298,9209.746928298626,8817.957867150752,29090.350900000005,18321.660369266217,9227.856111407445
302,9688.0499,16471.402388231218,8826.106958723256,37955.1605,9222.68254802315,8847.545323252847,29519.123100000004,18140.22911158471,9258.91703305263
303,9686.6078,16472.244012484673,8855.095477292287,38000.2441,9238.264788227398,8876.758072710227,29953.35160000001,17947.202736345058,9289.33406300281
304,9686.467600000002,16472.325088404497,8884.219986965034,38067.5719,9255.800912921874,8905.946036765326,30233.2426,17696.911425846014,9320.674392988058
305,10118.484500000002,16781.052347026893,8913.3768994922,38052.4026,9248.541560454774,8935.269351770257,30656.468500000006,17473.51631781087,9352.039034616404
306,9846.5968,16523.783774219868,8942.44715564963,37860.7496,9344.33173091184,8964.623121749815,31005.779700000006,17207.99854188752,9382.68404048201
307,9579.1446,16461.46095277126,8971.47586152872,37921.5508,9362.237992489901,8993.890729362935,31444.798200000005,16969.791224860925,9413.327865579926
308,9577.5075,16462.40508666722,9000.745018770991,37963.8407,9379.662143520336,9023.12016485056,31385.189400000003,16937.13108926803,9444.487523844537
309,9577.442299999999,16462.44244819236,9030.100839355495,37974.776600000005,9385.966542875722,9052.586948445141,31826.287100000005,16690.985753468027,9475.066875436807
310,9575.674099999998,16463.461103022786,9059.052905368706,38396.137899999994,8583.38120048018,9082.139049509076,32252.8208,16415.03958548201,9505.908813762564
311,9575.712699999998,16463.439013600462,9088.182542211485,38369.511300000006,8623.876561005804,9111.292101907633,32667.0656,16192.693617901088,9536.46201575465
312,9576.312400000003,16463.094429095225,9117.165741398981,38365.795,8621.657554983207,9140.618648416474,32938.136399999996,15870.333772248176,9567.454918578316
313,9869.083700000001,16694.386791187906,9146.528919433133,38341.9793,8617.647935127803,9169.801794245892,33315.0019,15527.484911697302,9597.788943027033
314,9869.173900000002,16694.334301428426,9175.635827371121,38182.819899999995,8671.016751049267,9199.36369488098,33685.85309999999,15169.751444784431,9628.628611394404
315,9867.6751,16695.213276675535,9204.835592107618,38026.5342,8725.8545460669,9228.667743035796,34091.6604,14882.868624161938,9658.970347480617
316,9867.5056,16695.311819403873,9234.053646103142,38013.305799999995,8717.424770724228,9258.06541808113,34533.9994,14515.89599452585,9689.293307796714
317,9869.321399999999,16694.248567385835,9263.027602858252,37580.5967,9485.598618454194,9287.485618606806,34876.4063,14170.453880162953,9720.011355824177
318,9879.6757,16688.44548871765,9292.321147740999,37199.278900000005,10195.498304953897,9316.65950984449,34884.933899999996,14175.071671145504,9750.779382289566
319,9514.1013,16496.66167978265,9321.238933813745,37276.36050000001,10209.200486348318,9346.151475251834,35323.828199999996,13766.897446073928,9781.099216950111
320,9484.9879,16510.58736165775,9350.26887661225,37279.6351,10210.88161375045,9375.270147574123,35344.824,13778.883293990119,9811.377229273381
321,9484.4725,16510.878641823358,9379.32682364768,37285.579300000005,10214.690470570635,9404.499289810723,35074.4643,14194.717583344676,9842.12316149062
322,9455.828,16524.617520826796,9408.481511938191,37448.168000000005,10184.568725771749,9433.757980998222,35500.117600000005,13773.18060511639,9873.28510199747
323,9254.9848,16514.115236196005,9437.727830618895,37465.2912,10195.16300150471,9463.11327968798,35874.942200000005,13309.069495216829,9904.392630785977
324,9524.881999999998,16583.971874805986,9466.900832599174,37463.5478,10194.2304487693,9492.560189456024,36244.7202,12815.630907029274,9934.627990430365
325,9948.2687,16908.209084505354,9495.970663534534,37487.1046,10191.426497132128,9521.934849685205,36465.0589,12397.27268963379,9965.076745497117
326,9947.9251,16908.40794774727,9525.237324137266,37537.299399999996,10204.691953812797,9551.20871256484,36880.7485,11899.216088151552,9996.172324080044
327,9960.497300000003,16901.581169406185,9554.710394216192,37674.5096,10106.25128775887,9580.678017515716,37273.1742,11411.640052010333,10027.66505963863
328,9962.3264,16900.513164906475,9583.815341752634,37472.5051,10184.184767914365,9610.35259039463,37651.4044,10785.418823921704,10058.35600356446
329,9964.134,16899.457413259574,9612.702018811999,37534.845700000005,10204.32610257456,9639.658185762035,37975.5436,10159.92560117263,10088.956462934311
330,9606.984300000002,16724.059682436993,9641.83329146012,37536.0682,10204.98985283997,9668.745847299397,37981.954099999995,10163.432054985275,10119.692243028721
331,10020.370400000002,16993.409709811916,9670.871204727098,37552.8134,10214.7311643997,9698.081066061104,38418.764800000004,9441.845501273941,10149.744590871735
332,10020.2981,16993.451584628394,9700.119358641807,37554.7246,10215.81341190827,9727.321511142658,38842.127,8632.26519351908,10180.947196824254
333,10215.2363,16991.112557792305,9729.131218934908,37549.763300000006,10215.644991778645,9756.771084172433,38781.6231,8626.248709270409,10211.322014118088
334,10215.3985,16991.016435470206,9758.271351265745,37977.014700000014,9509.881827866364,9785.985939765827,38585.4142,8749.065774105618,10242.730026650264
335,9786.176899999999,16698.93171143781,9787.22555414962,37957.36800000001,9499.0078270731,9815.327828097183,38626.0257,8758.021717075866,10272.967242401113
336,9413.7,16479.87629397976,9816.389505359126,37520.49990000001,10203.73705691895,9844.486071985239,38625.018800000005,8757.569749760292,10303.898552867364
337,9009.6456,16203.775848298957,9845.512809890495,37600.56700000001,10216.17982937179,9873.855493995145,38543.4418,8753.191340487352,10334.360267299398
338,9424.135799999998,16499.088301873,9874.557136193554,37774.27850000001,10084.749431046106,9903.184459108103,38556.4479,8759.963973471728,10365.117371693888
339,9144.216,16221.44775648832,9903.677754464685,37607.116400000006,10110.89942233672,9932.433241978926,38620.4023,8775.853793817425,10396.168545547065
340,9144.9069,16222.86962361867,9932.73316612253,37667.354300000006,10128.834657287309,9961.76150685841,38616.260200000004,8774.066440631732,10426.68809475908
341,9134.706400000001,16202.652782731939,9961.80287750867,37840.245800000004,9989.188795745147,9991.022308254338,38670.262800000004,8779.993345770381,10456.915062271622
342,9112.094399999998,16160.439738270139,9990.831795439082,37853.3046,9995.551268045441,10020.296783291371,38613.557100000005,8769.404719492572,10487.30753754075
343,9112.1304,16160.419838769285,10019.975671038304,37846.598900000005,9991.81860151553,10049.530033096631,38802.990300000005,8647.792665413579,10518.277344450626
344,9519.936599999999,16478.783975964016,10048.975817526087,37651.6714,10077.802775916485,10078.882522329963,38779.6177,8636.071530849065,10548.998936260445
345,9516.375099999997,16480.762168110214,10078.119207188212,37647.3119,10075.73154230557,10108.090358341442,38932.502700000005,8578.437522806104,10579.822084948144
346,9516.321,16480.792828505277,10107.316208057171,37706.87279999999,10090.671281059957,10137.438249870862,38876.321,8569.839560701532,10610.284892253641
347,9516.2434,16480.836797854303,10136.661867922787,37708.76449999999,10091.750824048559,10166.83915608383,38803.0593,8566.033696257591,10641.182930058481
348,9094.1923,16125.43202801276,10165.72261628014,37659.3368,10081.46265823922,10196.393411463743,38732.3937,8552.651001619164,10672.461885775148
349,9123.5517,16111.817663204178,10194.935424522273,37708.37789999999,10096.952491091686,10225.65831598145,38767.959,8561.092654678432,10703.400286630502
350,9445.542,16251.080089917408,10224.296168071802,37697.455,10090.6739056677,10255.078552678937,38789.1321,8558.469867473543,10735.50479839521
351,9445.137499999999,16251.28079059656,10253.145522287585,37688.5661,10086.061499117077,10284.643652660427,38790.16440000001,8558.988162255668,10765.963712146973
352,9473.582900000001,16237.46540583137,10282.29256759987,37698.2509,10091.24631500085,10313.699520996312,38794.19020000001,8561.772482506409,10796.62169753418
353,9645.9903,16229.185528291706,10311.361897625648,37698.232,10091.316914665993,10343.054973472217,38800.403900000005,8560.940267446782,10827.405678429326
354,10005.8026,16439.827981710063,10340.353507239646,37703.2775,10091.341608985236,10372.33089581939,38753.819,8548.862830863587,10858.27017136318
355,10013.0408,16435.650405911758,10369.253204566034,37567.831300000005,10122.897431728295,10401.528076131173,38934.486,8463.58279616062,10888.901361447364
356,10013.2799,16435.507071049586,10398.20360459381,37407.4502,10170.89490691689,10430.635146838222,38935.434499999996,8464.058931581629,10920.371251955563
357,9809.0441,16414.384257059297,10427.54271095226,37325.651900000004,10160.57495312039,10459.794643536148,38926.3885,8459.212582898288,10951.568929128147
358,9796.8623,16421.07728071626,10456.553317674134,37494.08180000001,10138.26190932641,10489.34198754261,38872.950300000004,8450.655574457338,10982.420611985655
359,9796.763299999999,16421.135336583466,10485.752410854704,37503.4229,10143.964294499394,10518.55904711101,38864.96000000001,8451.404841006375,11013.276373590832
360,9796.6669,16421.191987148723,10514.875457376362,37540.221,10149.704677952015,10547.96942016066,38917.058300000004,8462.04191502229,11043.90868887317
361,9386.4881,16142.458557503296,10544.042099839293,37717.7264,10103.559947101272,10577.299535125616,38922.099799999996,8465.089079207493,11074.045622235379
362,9385.0123,16143.309729886174,10573.176821877116,37732.0317,10112.708248996214,10606.675699597443,38918.7283,8463.55564248278,11104.950790096871
363,9385.1815,16143.21299820029,10602.112139051233,37663.770500000006,10233.403767196658,10636.01895563757,38727.3158,8592.330942667324,11135.730592553886
364,9479.6377,16133.160713301026,10631.216201429193,37609.7437,10215.624100215871,10665.162528579509,38725.2817,8591.195642052515,11166.88989890081
365,9483.155099999998,16140.138522285271,10660.37248377591,37605.5331,10213.507497808841,10694.47546112997,38561.0662,8645.47836466147,11197.344584987455
366,9112.0454,15921.55197129315,10689.525175278526,37562.5844,10205.949477158245,10723.840311811266,38190.380300000004,9451.614494389141,11227.89685529981
367,9099.742,15927.98286403944,10718.689891030133,37488.9569,10191.204781349328,10753.202425902231,38186.9462,9449.92514865486,11258.499455859004
368,9022.2149,15953.191488933962,10747.842431191466,37544.4882,10204.304572118806,10782.578830887618,38216.4694,9465.451505384919,11288.896893862744
369,9114.7955,15928.276518075168,10776.859347783462,37521.1581,10190.952346183714,10811.94150150206,38652.3912,8665.571716120094,11319.08823438777
370,9102.5179,15934.692585973806,10805.855254583788,37319.246900000006,10279.114212767528,10841.175391398805,39076.725300000006,7753.3291331839455,11349.587844067048
371,9102.871500000001,15934.522003339189,10835.123562581028,37309.301999999996,10273.647458652356,10870.385017567112,39007.0538,7738.72879504829,11380.331160075151
372,8721.8578,15690.164553774353,10864.21323136741,37306.9815,10272.33354501404,10899.864289051977,39011.1968,7740.869965097835,11410.81198481971
373,8721.6685,15690.267871520255,10893.538725260516,37265.515799999994,10258.399643209088,10929.163884920421,38955.7246,7726.359257309671,11441.569970253724
374,9161.920799999998,16057.832186592728,10922.549904054096,37326.380600000004,10275.4419293674,10958.702288035176,38969.4431,7732.877341716173,11472.228234475542
375,8719.080399999999,15684.447739091036,10951.682655377686,37326.714400000004,10275.625832160425,10987.927748864584,39158.3445,7589.568601601329,11503.242425723372
376,8286.1107,15313.13838524574,10980.988219890167,37464.151,10183.544105917792,11017.274707598986,38944.095700000005,7732.567016477678,11534.009394321012
377,7855.5118,14925.303323789194,11009.994758251094,37264.69959999999,10256.898970646726,11046.794866475633,38838.0599,7816.468804813142,11563.89910090246
378,7855.461800000002,14925.329096364769,11038.982856167873,37453.34189999999,10182.761578562242,11076.015793445493,38833.746600000006,7813.957240201564,11594.759036912043
379,8281.118,15302.751425084052,11067.97428081457,37446.0044,10178.484948701582,11105.219373835645,38829.3305,7811.567445015677,11624.9691777033
380,8293.3071,15296.776604530729,11097.149876718859,37466.99459999999,10178.30697922866,11134.427601079387,38757.310900000004,7805.717078110902,11656.131888275482
381,8291.7533,15297.610867874897,11126.217934586886,37570.656299999995,10137.286817704988,11163.817203884464,38756.839400000004,7805.466291753084,11686.73069594133
382,7914.8251,15026.056232251862,11155.46103381598,37552.6795,10126.819889716255,11193.098641850835,38819.3044,7821.462777462196,11717.77156519377
383,8340.8358,15399.128571005514,11184.690349135935,37537.8573,10119.302604404205,11222.556828970553,38629.534600000006,7950.230551744323,11749.514834199486
384,8328.4716,15405.194129105073,11213.569847920675,37698.6494,10056.979508719387,11252.003365788998,38575.746,7938.3051755415645,11780.025249818103
385,8686.318000000001,15624.653997934161,11242.65790838964,37262.9135,10715.23744180486,11281.09887228324,38498.498499999994,7921.791038753089,11811.338838527272
386,8686.3256,15624.649855240297,11271.745464322306,37416.8494,10679.752859533299,11310.407825658394,38490.419599999994,7917.207568669387,11841.841516015267
387,8686.2252,15624.70464955421,11300.760136414601,37430.7698,10680.218073156651,11339.714201924542,38488.184700000005,7916.227801546953,11872.640418816638
388,8819.5881,15606.933498617125,11329.798420833335,37432.239,10681.048972794246,11368.946183491782,38691.3528,7783.893829003205,11903.004154847844
389,8818.049600000002,15607.794849628946,11359.067257670818,37418.6602,10673.538653999149,11398.199881719338,38750.013100000004,7796.982337304567,11934.30449130958
390,8826.696800000002,15603.498129390657,11388.12260598541,37391.76899999999,10667.261280054454,11427.686806706846,38742.2272,7792.305035137303,11964.731555169827
391,8424.0262,15299.264597318184,11417.087178875006,37547.86179999999,10634.946598892293,11456.960236495743,38745.833600000005,7793.923305150816,11995.948215652501
392,8425.7422,15298.329428933708,11446.31731413132,37555.86979999999,10638.897690994023,11486.14358751873,38916.280000000006,7722.863484932385,12027.072350485383
393,8837.241,15620.633720142056,11475.5256820961,37568.415799999995,10644.828560683369,11515.593904478612,38910.31420000001,7719.403919470231,12057.741825704192
394,8938.0865,15596.73921565347,11504.730693970818,37493.905399999996,10628.104179354325,11545.023534898379,38973.90690000001,7735.760540434754,12088.237428103583
395,8938.074499999999,15596.74609000463,11533.808168867057,37488.5801,10625.112438993057,11574.446102057596,39011.44120000001,7735.465583277361,12118.917387702886
396,8939.8344,15595.747775628606,11562.815907742726,37488.4704,10625.061343683048,11603.745391347833,39005.05320000001,7732.426444384439,12149.356457259402
397,8939.845099999999,15595.74176181271,11592.112264737993,37489.9418,10625.867343995818,11632.972421195258,38878.076100000006,7849.2075320632075,12180.822619781402
398,8939.817599999998,15595.757224844781,11621.327562899718,37433.9933,10610.401201944444,11662.491922244937,38914.3576,7853.544597874659,12211.72250136865
399,9011.863000000001,15571.757095440416,11650.481948410208,37394.0703,10657.668773916128,11691.92556128038,38900.5207,7846.55883225357,12242.409935747319
400,9029.0366,15610.439925367267,11679.443061721247,37294.1321,10703.073492177591,11721.302020345864,38900.301,7846.443709804014,12273.194186580102
401,9304.2758,15694.269460479845,11708.549454431639,37281.7349,10695.377591653274,11750.485551965161,38984.25319999999,7854.845329409724,12303.907237272366
402,9316.4828,15687.635542086007,11737.518045834771,37294.26119999999,10702.580441305478,11779.814062337982,38987.09939999999,7856.361874660283,12334.21716206478
403,9318.048499999999,15686.713630753027,11766.537413717302,37236.4824,10684.923847626535,11809.002831868404,38938.7731,7843.757186097578,12364.321950555832
404,9346.3875,15672.685813756645,11795.845212537297,37235.6522,10684.416373261534,11838.244183183704,39054.709299999995,7768.765323852852,12395.476371127612
405,8912.5758,15320.946392616363,11824.957231032919,37197.4158,10675.104648725013,11867.772814351569,38971.5144,7777.850438424272,12426.512262809345
406,8791.1419,15342.95191549766,11853.927594674198,37331.1066,10588.942032694882,11897.10927270658,39052.678499999995,7779.538356485861,12457.382901204195
407,8791.0942,15342.978683465879,11883.010391443951,37314.0991,10580.083871422768,11926.302157652945,38980.174699999996,7767.7648363848475,12488.465860098582
408,8820.810400000002,15328.799728915954,11912.028957866045,37247.002199999995,10559.244547780545,11955.60837218164,39049.23499999999,7786.960876181092,12519.32476785025
409,8940.902500000002,15307.353765549704,11941.22290790796,37081.7754,10582.698638688757,11984.851582787845,38985.2052,7770.01042038252,12550.250954754349
410,8954.8395,15299.84309639137,11970.10528535293,37095.91650000001,10590.390260181292,12014.267924435138,38942.147600000004,7761.4678981619345,12580.616400903924
411,8967.2589,15293.198497709947,11999.012817859906,37284.951,10522.843586116302,12043.376435226666,38939.027200000004,7759.326966019422,12611.842093944804
412,8967.2887,15293.18131222302,12027.993948524185,37232.212700000004,10505.61396038412,12072.512267589827,39040.9101,7672.117243352776,12642.67528254289
413,8594.241699999999,15046.641178296108,12056.998487383924,37271.13249999999,10517.86418043049,12101.718926017473,39094.186,7681.029650530455,12672.503443867763
414,8980.053300000001,15317.59113333523,12086.300879542863,37377.592699999994,10471.245796799238,12130.951216370666,39160.5852,7693.380197863678,12703.918021028076
415,8981.4638,15316.770881284852,12115.449477557826,37494.2262,10422.502247907052,12160.481912200488,39162.3192,7694.390237011076,12734.536624316857
416,9080.3501,15291.353820251788,12144.675302221733,37338.7632,10456.355939595769,12189.856718663861,39128.8739,7679.522990867844,12765.264221384481
417,9425.184899999998,15474.553101877385,12173.86851284599,37696.63579999999,9761.779050729245,12219.309517099817,39150.687900000004,7677.551825953543,12795.956955409998
418,9444.6616,15465.20678390326,12202.99761866427,38106.689999999995,9001.471714805197,12248.730725980757,39162.6748,7684.456538227213,12826.6008806119
419,9445.191099999998,15464.888514080138,12232.221783740446,37911.4646,9106.370322862389,12278.088093508251,39104.235400000005,7669.227307511549,12857.45754705183
420,9445.2344,15464.862493894816,12261.08116500497,37923.587499999994,9113.51904338641,12307.54320655577,39092.5726,7662.281913652044,12887.750930238963
421,9445.7968,15464.52466406361,12290.07661350738,37912.4957,9106.638511858726,12336.629185367827,39528.1612,6602.563068091404,12918.44498880874
422,9444.657299999999,15465.216309297251,12319.32036819179,37907.7548,9103.795851802859,12365.854729971998,39478.65060000001,6596.994408469485,12949.670283696243
423,9444.691099999998,15465.196058145459,12348.265565761083,37824.0004,9080.177920745928,12395.328589341236,39543.25430000001,6610.507036234551,12980.947655805103
424,9432.564000000002,15451.763034488848,12377.36825819593,37844.22579999999,9093.54953651677,12424.503763803,39609.0045,6618.752072089931,13011.884451108983
425,8997.0387,15088.419492646715,12406.518279519378,37906.0486,9111.588025215146,12453.836725669915,39735.7368,6426.399731168592,13041.883964743909
426,9351.435000000001,15291.181127320511,12435.553447140963,37911.8935,9114.859212234096,12483.215797391236,39734.098900000005,6425.613354628629,13072.386526717453
427,9773.397,15644.16018330735,12464.661496248453,37540.1281,9864.44452826683,12512.477914466175,39752.4824,6435.312295296806,13102.625270929542
428,10209.9258,15976.019272460908,12493.880071336638,37728.3748,9775.06024055233,12541.815820303173,39735.2022,6442.315453225739,13133.471935445676
429,10209.8169,15976.087657535416,12522.975998321954,37720.2189,9770.234600934094,12571.265633518113,39830.427599999995,6424.401036006256,13164.135036627235
430,10207.9899,15977.244448576825,12552.256293044366,37707.9414,9764.189386618229,12600.59058086056,39804.9042,6413.411641987622,13195.534199700629
431,9794.891,15695.225825298183,12581.238176399349,37691.4951,9754.4167442862,12630.100646004954,39778.6924,6402.182500999346,13226.494438463327
432,9794.7808,15695.293410980481,12610.339701021117,37687.3152,9752.044423256231,12659.313890987516,39585.4025,6605.148009316578,13256.895830238263
433,9598.193899999998,15693.602946572777,12639.594704826024,37740.78809999999,9766.348305230536,12688.646827304765,39642.9254,6604.335873115998,13288.012627799655
434,9606.990200000002,15688.552834206792,12668.664969139567,37756.134,9775.540512286367,12718.134095151572,39841.901399999995,6409.901820131884,13318.82259934472
435,9606.9843,15688.556446209019,12698.01431308635,37757.668,9776.256859579948,12747.434786015026,39767.846,6420.7637200725585,13350.021485432464
436,9601.350699999999,15691.843011244999,12727.104847455415,38187.8097,9022.93832460407,12777.016287669025,39705.837499999994,6423.959331487455,13380.859708810242
437,9659.0908,15667.65848879951,12756.178953705157,38183.7696,9020.805502449757,12806.33931424657,39792.031899999994,6417.731670471226,13411.625414190614
438,9427.779000000002,15362.289048185203,12785.463926159284,38175.3309,9020.7197617014,12835.646614847508,39709.109599999996,6419.497001628698,13442.548247658153
439,9343.9675,15373.530196753145,12814.691254510506,38336.1597,8976.729257587582,12865.16188224449,39625.5348,6417.9538445720345,13473.328849687201
440,9054.9746,15013.753246987602,12843.744003149714,38270.925899999995,8961.477516392828,12894.620214595423,39204.9941,7518.997592691607,13504.110160443031
441,8647.3586,14697.368649982283,12872.953212540679,38334.72,8983.94809203348,12923.906987997738,38783.7246,8455.256129083664,13534.795566361478
442,8279.2821,14410.72679987795,12902.043068542167,38333.37589999999,8983.20495446576,12953.35196046167,38787.038400000005,8454.79577626411,13566.407663478536
443,8279.1993,14410.773353755463,12931.23602426023,38162.2949,9053.855194415966,12982.673479451822,38627.2552,8532.061002643206,13597.272219299977
444,7856.1961,14017.087632715928,12960.26195785324,38370.6681,8955.007594007579,13012.100864290902,38580.356,8526.5197591111,13627.754572122494
445,7855.825500000001,14017.290894191032,12989.4769345649,38380.7967,8959.926066712835,13041.363733499451,38526.3754,8513.828341096785,13658.69355667908
446,8129.7303,14131.641719171448,13018.568996617007,38329.8401,8946.943255853084,13070.813154829337,38594.9059,8532.1079080177,13689.860609003708
447,8549.528799999998,14507.606226307651,13047.581272314992,37894.267100000005,9709.437886821284,13100.141991564442,38672.0424,8539.744368764223,13720.42151875397
448,8669.909500000002,14502.134277829342,13076.67780417069,37964.954600000005,9730.650688211805,13129.390178154914,38736.0701,8549.880739877077,13752.233167825778
449,8668.6636,14502.617880295305,13105.983926308903,37968.915,9732.910802188264,13158.721956668936,38691.28999999999,8541.461039227539,13783.006516230853
450,8346.2973,14329.160747301139,13135.000525046205,37970.375,9733.670127282565,13188.262806428229,38740.2083,8555.807182743432,13813.664132881973
451,8334.1395,14335.596049414715,13164.16191593852,37976.589199999995,9736.7472220292,13217.51279716573,38745.5112,8558.695399999146,13844.587340037488
452,8333.997199999998,14335.649146632539,13193.37622658703,37977.989199999996,9737.562648421492,13246.91229883876,38677.1859,8536.422373351039,13875.939884586067
453,8299.686000000002,14318.003227705389,13222.45982264893,38421.7782,8978.38475257965,13276.359451932643,38730.1544,8548.241509595564,13907.08171486275
454,8347.4346,14422.480124777045,13251.568983990304,38041.7929,9758.308596350937,13305.68223428147,38776.8501,8560.507534164257,13938.637923676124
455,8614.231600000001,14528.33329588248,13280.779562766958,38137.5943,9711.158416829916,13335.026809651012,38780.8324,8562.964614469935,13969.956804330754
456,8614.003200000001,14528.466187561431,13309.780652682677,38305.5945,9652.339915403765,13364.473908479622,38727.0964,8551.722042467298,14000.68765036334
457,8601.4855,14535.215697560347,13339.052221263624,38404.13910000001,9663.88538769734,13393.714698474305,38669.6435,8542.036349214439,14031.718604291653
458,8601.4778,14535.2201624692,13368.503979997857,38218.9657,9722.788509755754,13423.227667058685,38559.9359,8625.349238676205,14062.670255022269
459,8613.7918,14528.585383009482,13397.662739620882,38209.7376,9717.58516392258,13452.915547447428,38560.9312,8625.253035638929,14093.09393559523
460,8612.3837,14529.413213146543,13426.845291440392,38246.822,9735.011705184234,13482.311866627415,38130.503000000004,9419.319085903344,14124.299954001806
461,8747.5646,14512.897514678069,13455.879382536068,38179.4934,9719.146231828723,13511.731810872461,37689.067599999995,10128.163039139044,14155.15207092489
462,8778.890500000001,14497.357947933575,13485.181486986503,38168.80819999999,9712.332057250449,13541.004725143568,37619.1225,10118.14258611356,14185.985695980413
463,8961.8475,14502.934055233332,13514.28793637733,38384.3266,9460.464841248258,13570.541912220346,37738.6495,10020.95666380814,14216.339327740472
464,8896.967400000001,14501.751470670402,13543.476969256764,38428.7901,9470.4085005204,13599.888726401136,37740.3974,10021.962662497563,14247.243565335635
465,8481.966699999999,14147.445140276744,13572.48321867332,38433.6526,9472.638480485532,13629.317466512091,37827.6164,9971.013085915245,14278.070186379999
466,8480.143600000001,14148.52598661949,13601.464382094078,38485.307,9480.032877331016,13658.566039327237,38177.5937,9229.507103579437,14308.812169712714
467,8488.8127,14143.694436169135,13630.582927483003,38570.1249,9494.336837943607,13687.784887951548,38184.25899999999,9232.986193712792,14339.995309608856
468,8488.8197,14143.690235748056,13659.69857077779,38573.1182,9495.685152825401,13717.146442907733,38161.71259999999,9219.909148408635,14371.315431405916
469,8396.377700000001,14167.57243931245,13688.822475275818,38581.2512,9499.137965929254,13746.504779626744,37957.6352,9322.648581871408,14401.968784174742
470,8396.2626,14167.639324161073,13717.799749867692,38779.45999999999,9374.918832760313,13775.870393357103,37945.5742,9317.630458851776,14433.084889666809
471,8381.9471,14175.388899559357,13746.74742878867,38773.89399999999,9372.89344934679,13805.08481790282,37986.81080000001,9323.281222687181,14463.604434146411
472,8383.640899999999,14174.397655959992,13775.8701568144,38774.79239999999,9373.303630991277,13834.274510993491,37987.985499999995,9323.9474259462,14494.846139718833
473,8820.5262,14581.29486206954,13805.137816646784,38812.006799999996,9380.168864512289,13863.638549854106,37968.3607,9325.476551515128,14526.432998159615
474,8814.4456,14566.65614798038,13834.351768726237,38379.9062,10132.511300487631,13893.150913694592,37975.700899999996,9329.974656725613,14557.796196931726
475,9168.4883,14781.173109286357,13863.53429574229,38382.877799999995,10133.910588501518,13922.60633587254,37976.1149,9330.18505487651,14588.960056965128
476,9168.8099,14780.977141434898,13892.732580464866,38444.9648,10146.792451712854,13952.031804268141,38104.9514,9213.83719003196,14619.990589183355
477,9426.7785,14846.440455911468,13921.794811254442,38657.164300000004,10056.294590612215,13981.474230330972,38267.506199999996,9167.482173873674,14651.028675800262
478,9426.9858,14846.311203079382,13950.827083797032,38591.8375,10050.551369273468,14010.780257230701,38277.02099999999,9173.058477505145,14682.460796327166
479,8999.4761,14491.815298612586,13980.16009072263,38592.9982,10051.068982093335,14040.053156108435,38226.336299999995,9161.709293552776,14713.072422303743
480,8987.3464,14498.679467187034,14009.090100708656,38638.947799999994,10060.670347652045,14069.631019153188,38305.447,9174.793121287967,14743.530398789098
481,8988.872399999998,14497.74161819496,14038.146573125165,38691.08119999999,10074.258508733661,14098.804882231409,38307.3983,9175.787638679314,14774.288106738368
482,8988.8288,14497.768115884684,14067.359008006619,38499.2889,10180.738429191853,14128.106161891264,38250.3964,9158.481142725635,14805.741627864405
483,8591.1752,14106.34759985167,14096.559169643502,38489.9999,10178.019893574929,14157.561269931364,38453.3508,9062.262324936162,14837.114008777717
484,8936.239399999999,14316.378129133209,14125.876785582985,38430.4345,10176.210167694098,14187.004096143824,38471.9719,9062.555978568816,14868.296293324911
485,8677.5081,14057.936727863707,14154.784844985794,38704.096099999995,9483.548414836074,14216.566580123392,38517.1751,9063.23249576921,14898.900176397154
486,8677.248099999999,14058.094313399359,14184.036680903166,38667.404899999994,9475.612122644055,14245.719002595735,38528.6373,9069.090874943295,14930.327139105526
487,9063.107899999999,14345.462517115808,14212.959172624369,38663.155999999995,9475.791919833297,14275.216014828415,38548.9273,9078.759490054008,14960.755068200844
488,8931.245499999999,14366.130530057799,14242.261750335661,38652.765400000004,9471.001169374485,14304.380357641003,38542.7325,9075.497694522695,14992.064440126385
489,8932.6993,14365.234368701282,14271.316504591407,38606.8118,9462.629842744074,14333.927965755433,38483.6093,9062.964083624547,15022.763437384068
490,8931.676200000002,14365.767296745677,14300.695215566897,38649.9969,9472.128453869456,14363.226740234795,38494.30590000001,9068.963987287203,15054.227210863373
491,8943.9925,14358.773104854841,14329.777354681783,38654.8438,9474.512356614856,14392.851296289708,38453.608,9060.377661978666,15084.906685316852
492,9063.759199999999,14335.046336244726,14358.797458303212,38496.8642,9528.953570291984,14422.176382267768,38391.168399999995,9042.618075120692,15115.350294482943
493,8680.3524,13975.548208297314,14387.844975835527,38436.74740000001,9517.922305793805,14451.439384114981,38406.538700000005,9051.897672055475,15145.924363261902
494,8579.8232,14000.163008257361,14416.840965698802,38494.6672,9521.714863749816,14480.735164052692,38331.9808,9035.308592455674,15176.745951841913
495,8579.8143,14000.16846107898,14446.078375935545,38433.6829,9510.938585364673,14509.975594948377,38356.2155,9045.163699750312,15208.58183801173
496,8578.0544,14001.235290319657,14474.976443689673,38388.4193,9502.569869250661,14539.458472371094,38272.5772,9046.347032939439,15238.491541784611
497,8606.181900000001,13987.144027598679,14504.235930281973,38391.8451,9504.43149422126,14568.605306070656,38415.744099999996,8954.752286469582,15269.387591677998
498,8606.077700000002,13987.206919669405,14533.444822269887,38392.2907,9504.39539310063,14598.108761864998,38385.19679999999,8948.87950681267,15300.796609360186
499,8546.1445,14005.131855712774,14562.621679774731,38604.6797,9390.833789646525,14627.56323595664,38396.545699999995,8954.401267350739,15331.262704602686
